{"cameraMode":{"drawMode":0,"name":"Shaded","section":"Shading Mode"},"sceneLighting":true,"audioPlay":false,"sceneViewState":{"showFog":true,"showMaterialUpdate":false,"showSkybox":true,"showFlares":true,"showImageEffects":true,"showParticleSystems":true},"in2DMode":false,"pivot":{"x":38.2942008972168,"y":12.521734237670899,"z":13.568526268005371},"rotation":{"x":-0.14977195858955384,"y":0.7195932269096375,"z":-0.16379395127296449,"w":-0.6579742431640625},"size":0.01421135663986206,"orthographic":false}