{"cameraMode":{"drawMode":0,"name":"Shaded","section":"Shading Mode"},"sceneLighting":false,"audioPlay":false,"sceneViewState":{"showFog":true,"showMaterialUpdate":false,"showSkybox":false,"showFlares":true,"showImageEffects":true,"showParticleSystems":true},"in2DMode":false,"pivot":{"x":-34.08816909790039,"y":3.3057825565338136,"z":-18.668046951293947},"rotation":{"x":-0.07585588842630387,"y":0.6986343264579773,"z":-0.07490582764148712,"w":-0.7074939012527466},"size":0.3212454319000244,"orthographic":false}