{"cameraMode":{"drawMode":0,"name":"Shaded","section":"Shading Mode"},"sceneLighting":true,"audioPlay":false,"sceneViewState":{"showFog":true,"showMaterialUpdate":false,"showSkybox":true,"showFlares":true,"showImageEffects":true,"showParticleSystems":true},"in2DMode":false,"pivot":{"x":13.411149024963379,"y":9.141912460327149,"z":16.727474212646486},"rotation":{"x":-0.07274419069290161,"y":0.904793381690979,"z":-0.1719542145729065,"w":-0.38275110721588137},"size":2.3857884407043459,"orthographic":false}