{"cameraMode":{"drawMode":0,"name":"Shaded","section":"Shading Mode"},"sceneLighting":true,"audioPlay":false,"sceneViewState":{"showFog":true,"showMaterialUpdate":false,"showSkybox":true,"showFlares":true,"showImageEffects":true,"showParticleSystems":true},"in2DMode":false,"pivot":{"x":38.31684875488281,"y":12.534568786621094,"z":13.577383041381836},"rotation":{"x":-0.10634104162454605,"y":0.8718220591545105,"z":-0.21779751777648927,"w":-0.4256606698036194},"size":0.2857886552810669,"orthographic":false}