{"cameraMode":{"drawMode":0,"name":"Shaded","section":"Shading Mode"},"sceneLighting":true,"audioPlay":false,"sceneViewState":{"showFog":true,"showMaterialUpdate":true,"showSkybox":true,"showFlares":true,"showImageEffects":true,"showParticleSystems":true},"in2DMode":false,"pivot":{"x":-16.636890411376954,"y":26.278287887573243,"z":18.83167839050293},"rotation":{"x":0.14677360653877259,"y":0.8515815734863281,"z":-0.3258025348186493,"w":0.3836729824542999},"size":2.857893466949463,"orthographic":false}