{"cameraMode":{"drawMode":0,"name":"Shaded","section":"Shading Mode"},"sceneLighting":true,"audioPlay":false,"sceneViewState":{"showFog":true,"showMaterialUpdate":true,"showSkybox":true,"showFlares":true,"showImageEffects":true,"showParticleSystems":true},"in2DMode":false,"pivot":{"x":-45.501617431640628,"y":9.628049850463868,"z":-9.255386352539063},"rotation":{"x":-0.1424238234758377,"y":-0.5841442346572876,"z":0.10503057390451431,"w":-0.7921385169029236},"size":2.857893466949463,"orthographic":false}