{"cameraMode":{"drawMode":0,"name":"Shaded","section":"Shading Mode"},"sceneLighting":true,"audioPlay":false,"sceneViewState":{"showFog":true,"showMaterialUpdate":true,"showSkybox":true,"showFlares":true,"showImageEffects":true,"showParticleSystems":true},"in2DMode":false,"pivot":{"x":25.114423751831056,"y":-18.242000579833986,"z":0.8384513854980469},"rotation":{"x":-0.07710427790880203,"y":0.917387843132019,"z":-0.323482483625412,"w":-0.21866436302661897},"size":47.17777633666992,"orthographic":false}