{"cameraMode":{"drawMode":0,"name":"Shaded","section":"Shading Mode"},"sceneLighting":true,"audioPlay":false,"sceneViewState":{"showFog":true,"showMaterialUpdate":true,"showSkybox":true,"showFlares":true,"showImageEffects":true,"showParticleSystems":true},"in2DMode":false,"pivot":{"x":19.820518493652345,"y":0.8479595184326172,"z":8.727746963500977},"rotation":{"x":0.08319028466939926,"y":-0.833223819732666,"z":0.13052207231521607,"w":0.5308884978294373},"size":21.010000228881837,"orthographic":false}