{"cameraMode":{"drawMode":0,"name":"Shaded","section":"Shading Mode"},"sceneLighting":true,"audioPlay":false,"sceneViewState":{"showFog":true,"showMaterialUpdate":true,"showSkybox":true,"showFlares":true,"showImageEffects":true,"showParticleSystems":true},"in2DMode":false,"pivot":{"x":8.010974884033204,"y":-15.48863410949707,"z":10.061201095581055},"rotation":{"x":0.3471793532371521,"y":-0.355893075466156,"z":0.1444375216960907,"w":0.8555508255958557},"size":47.17777633666992,"orthographic":false}