{"cameraMode":{"drawMode":0,"name":"Shaded","section":"Shading Mode"},"sceneLighting":true,"audioPlay":false,"sceneViewState":{"showFog":true,"showMaterialUpdate":true,"showSkybox":true,"showFlares":true,"showImageEffects":true,"showParticleSystems":true},"in2DMode":false,"pivot":{"x":5.627693176269531,"y":-3.6010513305664064,"z":-2.4910383224487306},"rotation":{"x":-0.14181390404701234,"y":0.7669507265090942,"z":-0.18159985542297364,"w":-0.5989177227020264},"size":47.17777633666992,"orthographic":false}