{"cameraMode":{"drawMode":0,"name":"Shaded","section":"Shading Mode"},"sceneLighting":true,"audioPlay":false,"sceneViewState":{"showFog":true,"showMaterialUpdate":true,"showSkybox":true,"showFlares":true,"showImageEffects":true,"showParticleSystems":true},"in2DMode":false,"pivot":{"x":30.91060447692871,"y":-13.2577486038208,"z":-7.077047348022461},"rotation":{"x":0.0723603218793869,"y":0.91472327709198,"z":-0.18922796845436097,"w":0.34967759251594546},"size":47.17777633666992,"orthographic":false}