{"cameraMode":{"drawMode":0,"name":"Shaded","section":"Shading Mode"},"sceneLighting":true,"audioPlay":false,"sceneViewState":{"showFog":true,"showMaterialUpdate":true,"showSkybox":true,"showFlares":true,"showImageEffects":true,"showParticleSystems":true},"in2DMode":false,"pivot":{"x":11.449962615966797,"y":-9.39915657043457,"z":1.1874141693115235},"rotation":{"x":0.10626411437988281,"y":0.8912450671195984,"z":-0.2742236256599426,"w":0.34530624747276308},"size":47.17777633666992,"orthographic":false}