{"cameraMode":{"drawMode":0,"name":"Shaded","section":"Shading Mode"},"sceneLighting":false,"audioPlay":false,"sceneViewState":{"showFog":true,"showMaterialUpdate":true,"showSkybox":false,"showFlares":true,"showImageEffects":true,"showParticleSystems":true},"in2DMode":false,"pivot":{"x":4.769999980926514,"y":0.8700000047683716,"z":18.549999237060548},"rotation":{"x":-0.34971922636032107,"y":-0.054207976907491687,"z":0.020273622125387193,"w":-0.9350677132606506},"size":7.552604675292969,"orthographic":false}