{"cameraMode":{"drawMode":0,"name":"Shaded","section":"Shading Mode"},"sceneLighting":true,"audioPlay":false,"sceneViewState":{"showFog":true,"showMaterialUpdate":true,"showSkybox":true,"showFlares":true,"showImageEffects":true,"showParticleSystems":true},"in2DMode":false,"pivot":{"x":27.95138168334961,"y":22.97829818725586,"z":7.442131996154785},"rotation":{"x":-0.15923504531383515,"y":-0.8404891490936279,"z":-0.3774789273738861,"w":0.354672908782959},"size":21.010000228881837,"orthographic":false}