{"cameraMode":{"drawMode":0,"name":"Shaded","section":"Shading Mode"},"sceneLighting":true,"audioPlay":false,"sceneViewState":{"showFog":true,"showMaterialUpdate":true,"showSkybox":true,"showFlares":true,"showImageEffects":true,"showParticleSystems":true},"in2DMode":false,"pivot":{"x":-45.765621185302737,"y":6.4652910232543949,"z":-16.751127243041993},"rotation":{"x":0.19534365832805634,"y":0.5702964663505554,"z":-0.14199937880039216,"w":0.7852068543434143},"size":2.857893466949463,"orthographic":false}