{"cameraMode":{"drawMode":0,"name":"Shaded","section":"Shading Mode"},"sceneLighting":false,"audioPlay":false,"sceneViewState":{"showFog":true,"showMaterialUpdate":true,"showSkybox":false,"showFlares":true,"showImageEffects":true,"showParticleSystems":true},"in2DMode":false,"pivot":{"x":8.444093704223633,"y":1.8682162761688233,"z":6.361880779266357},"rotation":{"x":0.012684706598520279,"y":-0.9792491793632507,"z":0.06472159177064896,"w":0.19183747470378877},"size":2.485593795776367,"orthographic":false}