{"cameraMode":{"drawMode":0,"name":"Shaded","section":"Shading Mode"},"sceneLighting":false,"audioPlay":false,"sceneViewState":{"showFog":true,"showMaterialUpdate":true,"showSkybox":false,"showFlares":true,"showImageEffects":true,"showParticleSystems":true},"in2DMode":false,"pivot":{"x":-24.982131958007814,"y":1.9390003681182862,"z":33.80459213256836},"rotation":{"x":-0.23768018186092378,"y":-0.6812021136283875,"z":0.2516298294067383,"w":-0.6452785730361939},"size":22.0,"orthographic":false}