{"cameraMode":{"drawMode":0,"name":"Shaded","section":"Shading Mode"},"sceneLighting":true,"audioPlay":false,"sceneViewState":{"showFog":true,"showMaterialUpdate":true,"showSkybox":true,"showFlares":true,"showImageEffects":true,"showParticleSystems":true},"in2DMode":false,"pivot":{"x":-5.234168529510498,"y":-6.410045623779297,"z":-0.12400436401367188},"rotation":{"x":0.2921147644519806,"y":-0.005719219800084829,"z":0.0009950618259608746,"w":0.9564775228500366},"size":43.50593948364258,"orthographic":false}