{"cameraMode":{"drawMode":0,"name":"Shaded","section":"Shading Mode"},"sceneLighting":true,"audioPlay":false,"sceneViewState":{"showFog":true,"showMaterialUpdate":true,"showSkybox":true,"showFlares":true,"showImageEffects":true,"showParticleSystems":true},"in2DMode":false,"pivot":{"x":33.906776428222659,"y":-10.139532089233399,"z":-10.223102569580079},"rotation":{"x":0.09231709688901901,"y":0.8892253041267395,"z":-0.20632246136665345,"w":0.39778104424476626},"size":47.17777633666992,"orthographic":false}