{"cameraMode":{"drawMode":0,"name":"Shaded","section":"Shading Mode"},"sceneLighting":false,"audioPlay":false,"sceneViewState":{"showFog":true,"showMaterialUpdate":true,"showSkybox":false,"showFlares":true,"showImageEffects":true,"showParticleSystems":true},"in2DMode":false,"pivot":{"x":-29.816783905029298,"y":-27.92083168029785,"z":39.807411193847659},"rotation":{"x":0.2427942454814911,"y":0.0357496440410614,"z":-0.009011976420879364,"w":0.9694472551345825},"size":67.02462005615235,"orthographic":false}