{"cameraMode":{"drawMode":0,"name":"Shaded","section":"Shading Mode"},"sceneLighting":true,"audioPlay":false,"sceneViewState":{"showFog":true,"showMaterialUpdate":true,"showSkybox":true,"showFlares":true,"showImageEffects":true,"showParticleSystems":true},"in2DMode":false,"pivot":{"x":-40.53445053100586,"y":10.859829902648926,"z":30.335834503173829},"rotation":{"x":0.08715327829122544,"y":0.9126113057136536,"z":-0.27276450395584109,"w":0.29197534918785097},"size":2.857893466949463,"orthographic":false}