{"cameraMode":{"drawMode":0,"name":"Shaded","section":"Shading Mode"},"sceneLighting":true,"audioPlay":false,"sceneViewState":{"showFog":true,"showMaterialUpdate":true,"showSkybox":true,"showFlares":true,"showImageEffects":true,"showParticleSystems":true},"in2DMode":false,"pivot":{"x":22.60950469970703,"y":6.172003746032715,"z":-0.8875431418418884},"rotation":{"x":-0.29392367601394656,"y":0.5690546631813049,"z":-0.22781559824943543,"w":-0.733507513999939},"size":4.598372936248779,"orthographic":false}