{"cameraMode":{"drawMode":0,"name":"Shaded","section":"Shading Mode"},"sceneLighting":true,"audioPlay":false,"sceneViewState":{"showFog":true,"showMaterialUpdate":true,"showSkybox":true,"showFlares":true,"showImageEffects":true,"showParticleSystems":true},"in2DMode":false,"pivot":{"x":-1.4352455139160157,"y":-2.8103508949279787,"z":-1.8708350658416749},"rotation":{"x":0.1606164574623108,"y":-0.7163339853286743,"z":0.1752450168132782,"w":0.6561052203178406},"size":22.0,"orthographic":false}