{"cameraMode":{"drawMode":0,"name":"Shaded","section":"Shading Mode"},"sceneLighting":true,"audioPlay":false,"sceneViewState":{"showFog":true,"showMaterialUpdate":true,"showSkybox":true,"showFlares":true,"showImageEffects":true,"showParticleSystems":true},"in2DMode":false,"pivot":{"x":39.31549835205078,"y":-14.22451400756836,"z":2.5231237411499025},"rotation":{"x":0.15178170800209046,"y":0.8006992340087891,"z":-0.22806809842586518,"w":0.5327958464622498},"size":47.17777633666992,"orthographic":false}