{"cameraMode":{"drawMode":0,"name":"Shaded","section":"Shading Mode"},"sceneLighting":true,"audioPlay":false,"sceneViewState":{"showFog":true,"showMaterialUpdate":true,"showSkybox":true,"showFlares":true,"showImageEffects":true,"showParticleSystems":true},"in2DMode":false,"pivot":{"x":-31.843812942504884,"y":34.22807312011719,"z":-39.436248779296878},"rotation":{"x":-0.3751545548439026,"y":-0.17929042875766755,"z":0.07423967123031616,"w":-0.9064895510673523},"size":1.3790658712387086,"orthographic":false}