{"cameraMode":{"drawMode":0,"name":"Shaded","section":"Shading Mode"},"sceneLighting":true,"audioPlay":false,"sceneViewState":{"showFog":true,"showMaterialUpdate":true,"showSkybox":true,"showFlares":true,"showImageEffects":true,"showParticleSystems":true},"in2DMode":false,"pivot":{"x":8.556867599487305,"y":15.24728775024414,"z":-7.9396796226501469},"rotation":{"x":0.15505866706371308,"y":0.06330849230289459,"z":-0.01000200491398573,"w":0.9859158396720886},"size":3.157883644104004,"orthographic":false}