{"cameraMode":{"drawMode":0,"name":"Shaded","section":"Shading Mode"},"sceneLighting":true,"audioPlay":false,"sceneViewState":{"showFog":true,"showMaterialUpdate":true,"showSkybox":true,"showFlares":true,"showImageEffects":true,"showParticleSystems":true},"in2DMode":false,"pivot":{"x":-28.42095184326172,"y":8.869878768920899,"z":-22.88029670715332},"rotation":{"x":0.28438833355903628,"y":-0.5430248975753784,"z":0.2021506428718567,"w":0.7638412714004517},"size":1.598161220550537,"orthographic":false}