{"cameraMode":{"drawMode":0,"name":"Shaded","section":"Shading Mode"},"sceneLighting":true,"audioPlay":false,"sceneViewState":{"showFog":true,"showMaterialUpdate":true,"showSkybox":true,"showFlares":true,"showImageEffects":true,"showParticleSystems":true},"in2DMode":false,"pivot":{"x":-4.3553690910339359,"y":10.20773696899414,"z":17.555438995361329},"rotation":{"x":-0.07924673706293106,"y":0.9035812616348267,"z":-0.37553900480270388,"w":-0.19058313965797425},"size":2.857893466949463,"orthographic":false}