{"cameraMode":{"drawMode":0,"name":"Shaded","section":"Shading Mode"},"sceneLighting":true,"audioPlay":false,"sceneViewState":{"showFog":true,"showMaterialUpdate":true,"showSkybox":true,"showFlares":true,"showImageEffects":true,"showParticleSystems":true},"in2DMode":false,"pivot":{"x":39.486595153808597,"y":0.30835917592048647,"z":2.79611873626709},"rotation":{"x":0.02814219519495964,"y":0.668099582195282,"z":-0.026133837178349496,"w":0.7432255744934082},"size":47.50957489013672,"orthographic":false}