{"cameraMode":{"drawMode":0,"name":"Shaded","section":"Shading Mode"},"sceneLighting":true,"audioPlay":false,"sceneViewState":{"showFog":true,"showMaterialUpdate":true,"showSkybox":true,"showFlares":true,"showImageEffects":true,"showParticleSystems":true},"in2DMode":false,"pivot":{"x":-49.69824981689453,"y":11.333748817443848,"z":21.041927337646486},"rotation":{"x":0.08939909189939499,"y":0.9097403883934021,"z":-0.2659730911254883,"w":0.30617302656173708},"size":2.857893466949463,"orthographic":false}