{"cameraMode":{"drawMode":0,"name":"Shaded","section":"Shading Mode"},"sceneLighting":true,"audioPlay":false,"sceneViewState":{"showFog":true,"showMaterialUpdate":true,"showSkybox":true,"showFlares":true,"showImageEffects":true,"showParticleSystems":true},"in2DMode":false,"pivot":{"x":43.20030975341797,"y":13.944048881530762,"z":6.726990222930908},"rotation":{"x":0.38068652153015139,"y":-0.2958900034427643,"z":0.1300124228000641,"w":0.866387665271759},"size":0.4191091060638428,"orthographic":false}