{"cameraMode":{"drawMode":0,"name":"Shaded","section":"Shading Mode"},"sceneLighting":true,"audioPlay":false,"sceneViewState":{"showFog":true,"showMaterialUpdate":true,"showSkybox":true,"showFlares":true,"showImageEffects":true,"showParticleSystems":true},"in2DMode":false,"pivot":{"x":19.5451717376709,"y":16.331966400146486,"z":26.544986724853517},"rotation":{"x":-0.026979045942425729,"y":-0.9352182745933533,"z":0.345630407333374,"w":-0.07318520545959473},"size":3.157883644104004,"orthographic":false}