{"cameraMode":{"drawMode":0,"name":"Shaded","section":"Shading Mode"},"sceneLighting":true,"audioPlay":false,"sceneViewState":{"showFog":true,"showMaterialUpdate":true,"showSkybox":true,"showFlares":true,"showImageEffects":true,"showParticleSystems":true},"in2DMode":false,"pivot":{"x":11.039375305175782,"y":-10.950349807739258,"z":-0.7328376770019531},"rotation":{"x":-0.2020111083984375,"y":0.7073778510093689,"z":-0.22347690165042878,"w":-0.6394302248954773},"size":47.17777633666992,"orthographic":false}