{"cameraMode":{"drawMode":0,"name":"Shaded","section":"Shading Mode"},"sceneLighting":true,"audioPlay":false,"sceneViewState":{"showFog":true,"showMaterialUpdate":true,"showSkybox":true,"showFlares":true,"showImageEffects":true,"showParticleSystems":true},"in2DMode":false,"pivot":{"x":20.9434814453125,"y":5.935025215148926,"z":3.362712860107422},"rotation":{"x":0.3062598705291748,"y":-0.3099149465560913,"z":0.10593795031309128,"w":0.89391028881073},"size":4.598372936248779,"orthographic":false}