{"cameraMode":{"drawMode":0,"name":"Shaded","section":"Shading Mode"},"sceneLighting":true,"audioPlay":false,"sceneViewState":{"showFog":true,"showMaterialUpdate":true,"showSkybox":true,"showFlares":true,"showImageEffects":true,"showParticleSystems":true},"in2DMode":false,"pivot":{"x":34.223121643066409,"y":-1.5416088104248047,"z":7.770949363708496},"rotation":{"x":-0.11210665851831436,"y":0.8805440664291382,"z":-0.3806228041648865,"w":-0.25938859581947329},"size":22.0,"orthographic":false}