{"cameraMode":{"drawMode":0,"name":"Shaded","section":"Shading Mode"},"sceneLighting":true,"audioPlay":false,"sceneViewState":{"showFog":true,"showMaterialUpdate":true,"showSkybox":true,"showFlares":true,"showImageEffects":true,"showParticleSystems":true},"in2DMode":false,"pivot":{"x":-43.278507232666019,"y":4.674220561981201,"z":-20.187410354614259},"rotation":{"x":0.2784622013568878,"y":0.33841198682785036,"z":-0.10565286874771118,"w":0.8926953673362732},"size":5.7591872215271,"orthographic":false}