{"cameraMode":{"drawMode":0,"name":"Shaded","section":"Shading Mode"},"sceneLighting":true,"audioPlay":false,"sceneViewState":{"showFog":true,"showMaterialUpdate":true,"showSkybox":true,"showFlares":true,"showImageEffects":true,"showParticleSystems":true},"in2DMode":false,"pivot":{"x":-7.452458381652832,"y":7.3184285163879398,"z":5.523640155792236},"rotation":{"x":0.017162319272756578,"y":-0.9734927415847778,"z":0.21452417969703675,"w":0.07784054428339005},"size":20.064550399780275,"orthographic":false}