{"cameraMode":{"drawMode":0,"name":"Shaded","section":"Shading Mode"},"sceneLighting":true,"audioPlay":false,"sceneViewState":{"showFog":true,"showMaterialUpdate":true,"showSkybox":true,"showFlares":true,"showImageEffects":true,"showParticleSystems":true},"in2DMode":false,"pivot":{"x":-2.0333914756774904,"y":13.660077095031739,"z":18.80145263671875},"rotation":{"x":-0.004112827125936747,"y":0.9767526984214783,"z":-0.21370649337768556,"w":-0.018754245713353158},"size":2.857893466949463,"orthographic":false}