{"cameraMode":{"drawMode":0,"name":"Shaded","section":"Shading Mode"},"sceneLighting":true,"audioPlay":false,"sceneViewState":{"showFog":true,"showMaterialUpdate":true,"showSkybox":true,"showFlares":true,"showImageEffects":true,"showParticleSystems":true},"in2DMode":false,"pivot":{"x":-60.85629653930664,"y":36.4925422668457,"z":42.77910232543945},"rotation":{"x":-0.1431903839111328,"y":-0.8489696979522705,"z":0.2923057973384857,"w":-0.41654250025749209},"size":5.7591872215271,"orthographic":false}