{"cameraMode":{"drawMode":0,"name":"Shaded","section":"Shading Mode"},"sceneLighting":false,"audioPlay":false,"sceneViewState":{"showFog":true,"showMaterialUpdate":true,"showSkybox":false,"showFlares":true,"showImageEffects":true,"showParticleSystems":true},"in2DMode":false,"pivot":{"x":9.19809341430664,"y":0.8335134983062744,"z":1.3925000429153443},"rotation":{"x":0.24477356672286988,"y":-0.329279363155365,"z":0.08877111971378327,"w":0.9076623320579529},"size":31.0250244140625,"orthographic":false}