{"cameraMode":{"drawMode":0,"name":"Shaded","section":"Shading Mode"},"sceneLighting":true,"audioPlay":false,"sceneViewState":{"showFog":true,"showMaterialUpdate":true,"showSkybox":true,"showFlares":true,"showImageEffects":true,"showParticleSystems":true},"in2DMode":false,"pivot":{"x":-40.25014114379883,"y":19.13167381286621,"z":5.8735857009887699},"rotation":{"x":0.15371133387088777,"y":0.8358511328697205,"z":-0.4377221167087555,"w":0.2936248779296875},"size":2.857893466949463,"orthographic":false}