{"cameraMode":{"drawMode":0,"name":"Shaded","section":"Shading Mode"},"sceneLighting":true,"audioPlay":false,"sceneViewState":{"showFog":true,"showMaterialUpdate":true,"showSkybox":true,"showFlares":true,"showImageEffects":true,"showParticleSystems":true},"in2DMode":false,"pivot":{"x":7.889904022216797,"y":-1.7899858951568604,"z":4.468514442443848},"rotation":{"x":0.08118154108524323,"y":-0.6959686875343323,"z":0.07968691736459732,"w":0.709030032157898},"size":22.0,"orthographic":false}