{"cameraMode":{"drawMode":0,"name":"Shaded","section":"Shading Mode"},"sceneLighting":true,"audioPlay":false,"sceneViewState":{"showFog":true,"showMaterialUpdate":true,"showSkybox":true,"showFlares":true,"showImageEffects":true,"showParticleSystems":true},"in2DMode":false,"pivot":{"x":14.78683853149414,"y":20.948225021362306,"z":38.72501754760742},"rotation":{"x":0.07048595696687699,"y":-0.929286003112793,"z":0.2431185245513916,"w":0.26920050382614138},"size":1.3790658712387086,"orthographic":false}