{"cameraMode":{"drawMode":0,"name":"Shaded","section":"Shading Mode"},"sceneLighting":true,"audioPlay":false,"sceneViewState":{"showFog":true,"showMaterialUpdate":true,"showSkybox":true,"showFlares":true,"showImageEffects":true,"showParticleSystems":true},"in2DMode":false,"pivot":{"x":-33.41942596435547,"y":1.0074915885925294,"z":-18.006084442138673},"rotation":{"x":-0.1400429755449295,"y":-0.8473966717720032,"z":0.4324852228164673,"w":-0.27445927262306216},"size":5.7591872215271,"orthographic":false}