{"cameraMode":{"drawMode":0,"name":"Shaded","section":"Shading Mode"},"sceneLighting":true,"audioPlay":false,"sceneViewState":{"showFog":true,"showMaterialUpdate":true,"showSkybox":true,"showFlares":true,"showImageEffects":true,"showParticleSystems":true},"in2DMode":false,"pivot":{"x":-10.540468215942383,"y":-3.0172271728515627,"z":0.21457290649414063},"rotation":{"x":-0.3103708028793335,"y":0.39396932721138,"z":-0.14331793785095216,"w":-0.8531845808029175},"size":61.34877395629883,"orthographic":false}