{"cameraMode":{"drawMode":0,"name":"Shaded","section":"Shading Mode"},"sceneLighting":true,"audioPlay":false,"sceneViewState":{"showFog":true,"showMaterialUpdate":true,"showSkybox":true,"showFlares":true,"showImageEffects":true,"showParticleSystems":true},"in2DMode":false,"pivot":{"x":23.152095794677736,"y":-8.580337524414063,"z":12.681754112243653},"rotation":{"x":0.21622826159000398,"y":-0.7538467645645142,"z":0.30012741684913638,"w":0.5430776476860046},"size":22.0,"orthographic":false}