{"cameraMode":{"drawMode":0,"name":"Shaded","section":"Shading Mode"},"sceneLighting":true,"audioPlay":false,"sceneViewState":{"showFog":true,"showMaterialUpdate":true,"showSkybox":true,"showFlares":true,"showImageEffects":true,"showParticleSystems":true},"in2DMode":false,"pivot":{"x":30.408220291137697,"y":7.159045219421387,"z":8.83835220336914},"rotation":{"x":0.3113294541835785,"y":-0.22653354704380036,"z":0.07668286561965943,"w":0.9197179079055786},"size":4.298372745513916,"orthographic":false}