{"cameraMode":{"drawMode":0,"name":"Shaded","section":"Shading Mode"},"sceneLighting":true,"audioPlay":false,"sceneViewState":{"showFog":true,"showMaterialUpdate":true,"showSkybox":true,"showFlares":true,"showImageEffects":true,"showParticleSystems":true},"in2DMode":false,"pivot":{"x":-18.436161041259767,"y":6.15014123916626,"z":-12.819253921508789},"rotation":{"x":0.33141443133354189,"y":0.5701273679733276,"z":-0.2703678607940674,"w":0.7015904784202576},"size":43.50593948364258,"orthographic":false}