{"cameraMode":{"drawMode":0,"name":"Shaded","section":"Shading Mode"},"sceneLighting":true,"audioPlay":false,"sceneViewState":{"showFog":true,"showMaterialUpdate":true,"showSkybox":true,"showFlares":true,"showImageEffects":true,"showParticleSystems":true},"in2DMode":false,"pivot":{"x":-17.59148406982422,"y":-45.10206604003906,"z":-0.282210111618042},"rotation":{"x":-0.2728070914745331,"y":0.6706801652908325,"z":-0.29301291704177859,"w":-0.6244320869445801},"size":113.61456298828125,"orthographic":false}