{"cameraMode":{"drawMode":0,"name":"Shaded","section":"Shading Mode"},"sceneLighting":false,"audioPlay":false,"sceneViewState":{"showFog":true,"showMaterialUpdate":true,"showSkybox":false,"showFlares":true,"showImageEffects":true,"showParticleSystems":true},"in2DMode":false,"pivot":{"x":18.39618492126465,"y":1.6670269966125489,"z":2.7850000858306886},"rotation":{"x":0.08118154108524323,"y":-0.6959686875343323,"z":0.07968691736459732,"w":0.709030032157898},"size":0.4191070795059204,"orthographic":false}