{"cameraMode":{"drawMode":0,"name":"Shaded","section":"Shading Mode"},"sceneLighting":false,"audioPlay":false,"sceneViewState":{"showFog":true,"showMaterialUpdate":true,"showSkybox":false,"showFlares":true,"showImageEffects":true,"showParticleSystems":true},"in2DMode":false,"pivot":{"x":-40.52358627319336,"y":2.373582124710083,"z":1.654929280281067},"rotation":{"x":0.049391862004995349,"y":-0.9133833646774292,"z":0.11652792990207672,"w":0.38702282309532168},"size":2.857893466949463,"orthographic":false}