{"cameraMode":{"drawMode":0,"name":"Shaded","section":"Shading Mode"},"sceneLighting":true,"audioPlay":false,"sceneViewState":{"showFog":true,"showMaterialUpdate":true,"showSkybox":true,"showFlares":true,"showImageEffects":true,"showParticleSystems":true},"in2DMode":false,"pivot":{"x":6.078338146209717,"y":19.69364356994629,"z":-0.43410664796829226},"rotation":{"x":0.5304432511329651,"y":0.030219098553061487,"z":-0.01891552098095417,"w":0.8470128774642944},"size":1.5983731746673585,"orthographic":false}