{"cameraMode":{"drawMode":0,"name":"Shaded","section":"Shading Mode"},"sceneLighting":true,"audioPlay":false,"sceneViewState":{"showFog":true,"showMaterialUpdate":true,"showSkybox":true,"showFlares":true,"showImageEffects":true,"showParticleSystems":true},"in2DMode":false,"pivot":{"x":-20.050060272216798,"y":12.917007446289063,"z":23.648414611816408},"rotation":{"x":-0.17197053134441377,"y":-0.7854475378990173,"z":0.25084787607192995,"w":-0.5392358899116516},"size":5.7591872215271,"orthographic":false}