{"cameraMode":{"drawMode":0,"name":"Shaded","section":"Shading Mode"},"sceneLighting":true,"audioPlay":false,"sceneViewState":{"showFog":true,"showMaterialUpdate":true,"showSkybox":true,"showFlares":true,"showImageEffects":true,"showParticleSystems":true},"in2DMode":false,"pivot":{"x":5.704347610473633,"y":-7.564427852630615,"z":29.807058334350587},"rotation":{"x":-0.17962004244327546,"y":-0.7571017742156982,"z":0.2339947521686554,"w":-0.5831043124198914},"size":22.0,"orthographic":false}