{"cameraMode":{"drawMode":0,"name":"Shaded","section":"Shading Mode"},"sceneLighting":true,"audioPlay":false,"sceneViewState":{"showFog":true,"showMaterialUpdate":true,"showSkybox":true,"showFlares":true,"showImageEffects":true,"showParticleSystems":true},"in2DMode":false,"pivot":{"x":28.570966720581056,"y":7.179584503173828,"z":5.594293594360352},"rotation":{"x":0.21738381683826447,"y":-0.6916258931159973,"z":0.23180855810642243,"w":0.6485880017280579},"size":4.298372745513916,"orthographic":false}