{"cameraMode":{"drawMode":0,"name":"Shaded","section":"Shading Mode"},"sceneLighting":true,"audioPlay":false,"sceneViewState":{"showFog":true,"showMaterialUpdate":true,"showSkybox":true,"showFlares":true,"showImageEffects":true,"showParticleSystems":true},"in2DMode":false,"pivot":{"x":-1.2165911197662354,"y":13.335914611816407,"z":19.083276748657228},"rotation":{"x":0.04136001318693161,"y":0.9502871632575989,"z":-0.27315619587898257,"w":0.14391538500785829},"size":2.857893466949463,"orthographic":false}