{"cameraMode":{"drawMode":0,"name":"Shaded","section":"Shading Mode"},"sceneLighting":false,"audioPlay":false,"sceneViewState":{"showFog":true,"showMaterialUpdate":true,"showSkybox":false,"showFlares":true,"showImageEffects":true,"showParticleSystems":true},"in2DMode":false,"pivot":{"x":24.313629150390626,"y":-5.038516998291016,"z":-6.443838119506836},"rotation":{"x":-0.0811893567442894,"y":-0.918713390827179,"z":0.26617738604545596,"w":-0.28029704093933108},"size":13.906713485717774,"orthographic":false}