{"cameraMode":{"drawMode":0,"name":"Shaded","section":"Shading Mode"},"sceneLighting":true,"audioPlay":false,"sceneViewState":{"showFog":true,"showMaterialUpdate":true,"showSkybox":true,"showFlares":true,"showImageEffects":true,"showParticleSystems":true},"in2DMode":false,"pivot":{"x":-28.1854305267334,"y":9.02214527130127,"z":-22.310388565063478},"rotation":{"x":0.2716376781463623,"y":-0.35165905952453616,"z":0.10737334936857224,"w":0.889432966709137},"size":1.598161220550537,"orthographic":false}