{"cameraMode":{"drawMode":0,"name":"Shaded","section":"Shading Mode"},"sceneLighting":true,"audioPlay":false,"sceneViewState":{"showFog":true,"showMaterialUpdate":true,"showSkybox":true,"showFlares":true,"showImageEffects":true,"showParticleSystems":true},"in2DMode":false,"pivot":{"x":-30.559673309326173,"y":-15.34406852722168,"z":5.1554718017578129},"rotation":{"x":-0.11204792559146881,"y":0.8031206130981445,"z":-0.15988808870315553,"w":-0.5629493594169617},"size":47.17777633666992,"orthographic":false}