{"cameraMode":{"drawMode":0,"name":"Shaded","section":"Shading Mode"},"sceneLighting":true,"audioPlay":false,"sceneViewState":{"showFog":true,"showMaterialUpdate":true,"showSkybox":true,"showFlares":true,"showImageEffects":true,"showParticleSystems":true},"in2DMode":false,"pivot":{"x":35.3798828125,"y":15.921307563781739,"z":28.720718383789064},"rotation":{"x":0.12683969736099244,"y":-0.8546543717384338,"z":0.247050940990448,"w":0.43875598907470705},"size":20.064550399780275,"orthographic":false}