{"cameraMode":{"drawMode":0,"name":"Shaded","section":"Shading Mode"},"sceneLighting":true,"audioPlay":false,"sceneViewState":{"showFog":true,"showMaterialUpdate":true,"showSkybox":true,"showFlares":true,"showImageEffects":true,"showParticleSystems":true},"in2DMode":false,"pivot":{"x":21.752883911132814,"y":3.9264650344848635,"z":3.9964377880096437},"rotation":{"x":0.09576881676912308,"y":-0.8398135304450989,"z":0.15750795602798463,"w":0.5106239318847656},"size":4.298372745513916,"orthographic":false}