{"cameraMode":{"drawMode":0,"name":"Shaded","section":"Shading Mode"},"sceneLighting":true,"audioPlay":false,"sceneViewState":{"showFog":true,"showMaterialUpdate":true,"showSkybox":true,"showFlares":true,"showImageEffects":true,"showParticleSystems":true},"in2DMode":false,"pivot":{"x":34.205726623535159,"y":13.781625747680664,"z":-6.2197346687316898},"rotation":{"x":-0.24334245920181275,"y":0.6343657374382019,"z":-0.22040587663650514,"w":-0.6999564170837402},"size":4.298372745513916,"orthographic":false}