{"cameraMode":{"drawMode":0,"name":"Shaded","section":"Shading Mode"},"sceneLighting":true,"audioPlay":false,"sceneViewState":{"showFog":true,"showMaterialUpdate":true,"showSkybox":true,"showFlares":true,"showImageEffects":true,"showParticleSystems":true},"in2DMode":false,"pivot":{"x":14.944673538208008,"y":5.18306827545166,"z":10.903916358947754},"rotation":{"x":0.16360102593898774,"y":0.8123190999031067,"z":-0.27144956588745119,"w":0.48957931995391848},"size":4.298372745513916,"orthographic":false}